Workbook

Sheet RPA-Set2018
B2: RELATÓRIO DE PAGAMENTO RPA | G2: MÊS | H2: ANO
G3: Setembro | H3: 2018
B4: DATA | C4: NOME | D4: CPF | E4: VALOR DO SERVIÇO | F4: INSS DESCONTADO | G4: INSS DA EMPRESA | H4: VALOR LÍQUIDO A PAGAR
B5: 43344 | C5: Albert Einstein | D5: 12345678910 | E5: 1200 | F5: =E5*$D$13 -> 132 | G5: =E5*$D$14 -> 240 | H5: =E5-F5 -> 1068
B6: 43344 | C6: Thomas Edilson | D6: 15678902710 | E6: 955 | F6: =E6*$D$13 -> 105.05 | G6: =E6*$D$14 -> 191 | H6: =E6-F6 -> 849.95
B7: 43344 | C7: George Lucas | D7: 12345458719 | E7: 345 | F7: =E7*$D$13 -> 37.95 | G7: =E7*$D$14 -> 69 | H7: =E7-F7 -> 307.05
F8: =E8*$D$13 -> 0 | G8: =E8*$D$14 -> 0 | H8: =E8-F8 -> 0
F9: =E9*$D$13 -> 0 | G9: =E9*$D$14 -> 0 | H9: =E9-F9 -> 0
B10: TOTAL DO PERIODO | E10: =SUM(E5:E9) -> 2500 | F10: =SUM(F5:F9) -> 275 | G10: =SUM(G5:G9) -> 500 | H10: =SUM(H5:H9) -> 2225
B12: Tabela de Alíquotas do INSS
B13: Descontado do autônomo | D13: 0.11
B14: Contribuição da empresa | D14: 0.2

Sheet RPA-Out2018
B2: RELATÓRIO DE PAGAMENTO RPA | G2: MÊS | H2: ANO
G3: Outubro | H3: 2018
B4: DATA | C4: NOME | D4: CPF | E4: VALOR DO SERVIÇO | F4: INSS DESCONTADO | G4: INSS DA EMPRESA | H4: VALOR LÍQUIDO A PAGAR
B5: 42278 | C5: Alleph Nogueira | D5: 101010101 | E5: 3200 | F5: =E5*$D$13 -> 352 | G5: =E5*$D$14 -> 640 | H5: =E5-F5 -> 2848
B6: 45931 | C6: Fernanda Ferreira | D6: 505420156 | E6: 1200 | F6: =E6*$D$13 -> 132 | G6: =E6*$D$14 -> 240 | H6: =E6-F6 -> 1068
F7: =E7*$D$13 -> 0 | G7: =E7*$D$14 -> 0 | H7: =E7-F7 -> 0
F8: =E8*$D$13 -> 0 | G8: =E8*$D$14 -> 0 | H8: =E8-F8 -> 0
F9: =E9*$D$13 -> 0 | G9: =E9*$D$14 -> 0 | H9: =E9-F9 -> 0
B10: TOTAL DO PERIODO | E10: =SUM(E5:E9) -> 4400 | F10: =SUM(F5:F9) -> 484 | G10: =SUM(G5:G9) -> 880 | H10: =SUM(H5:H9) -> 3916
B12: Tabela de Alíquotas do INSS
B13: Descontado do autônomo | D13: 0.11
B14: Contribuição da empresa | D14: 0.2

Sheet RPA-Ano2018
B2: RESUMO ANUAL DO PAGAMENTO RPA | F2: ANO
F3: 2018
B4: MÊS | C4: VALOR DOS SERVIÇOS | D4: INSS DESCONTADO | E4: INSS DA EMPRESA | F4: VALOR LÍQUIDO PAGO
B5: ...
B6: Setembro | C6: ='RPA-Set2018'!E10 -> 2500 | D6: ='RPA-Set2018'!F10 -> 275 | E6: ='RPA-Set2018'!G10 -> 500 | F6: ='RPA-Set2018'!H10 -> 2225
B7: Outubro | C7: ='RPA-Out2018'!E10 -> 4400 | D7: ='RPA-Out2018'!F10 -> 484 | E7: ='RPA-Out2018'!G10 -> 880 | F7: ='RPA-Out2018'!H10 -> 3916
B8: ...
B9: TOTAL | C9: =SUM(C5:C8) -> 6900 | D9: =SUM(D5:D8) -> 759 | E9: =SUM(E5:E8) -> 1380 | F9: =SUM(F5:F8) -> 6141
